Symbol,% Change,Price,Volume
AAA,-0.02,24.93,1913
AAAU,-0.11,18.98,536796
AADR,-1.15,56.07,6161
AAXJ,-0.24,80.32,576007
ABEQ,0.0,23.78,11786
ACES,0.1,58.11,85387
ACIO,0.11,26.83,20958
ACSI,0.02,39.12,437
ACT,0.42,27.44,1758
ACWF,0.51,30.74,1334
ACWI,0.22,82.09,3409903
ACWV,0.25,92.85,425885
ACWX,0.0,47.06,2593716
ADME,-0.06,34.16,17451
ADRE,-0.44,50.28,5582
AESR,0.54,11.15,9146
AFIF,0.16,9.77,24895
AFK,-0.38,18.13,1914
AFTY,-0.02,20.75,1750
AGG,-0.18,117.3,3986635
AGGP,0.0,19.67,5191
AGGY,-0.11,53.49,103846
